resilient_species,lack_of_susceptible_species,height_diversity,height:diameter_index,width_diversity,understory
5,5,5,5,5,5
0,0,0,0,0,0
4.615384615,1.675824,2.530612,5,5,5
5,2.723215,5,2.558614,0.6172707,2.5
0.6557377049,5,0.3714285,2.04065,0.108742,1